Workbook

Sheet README
A1: Hiking database - routes reachable by train from Bucuresti Nord
A3: What this file is
A4: A route database of 185 entries in the mountains reachable by train from Bucuresti Nord.
A5: The Routes sheet holds the data. The Stations, Scale and Stages sheets hold the reference tables it reads.
A7: How to use it
A8: 1. Open the Routes sheet and use the filter row.
A9: 2. Filter Stage = 1 while you build your base. Move up one stage at a time.
A10: 3. Filter Quiet = 4 or 5 when you want a route that few people walk.
A11: 4. Write yes in the Done column and the date in Date done. Filter Done = blank to find a new route.
A12: 5. Blue cells are inputs you can change. Black cells are formulas and recalculate by themselves.
A14: How the numbers are produced
A15: Train h: read from the Stations sheet, the longer of the start and finish station.
... A41: Counts
A42: Routes in the database | B42: =COUNTA(Routes!$C$2:$C$186) -> 185
A43: Stage 1 routes | B43: =COUNTIF(Routes!$X$2:$X$186,1) -> 25
A44: Stage 2 routes | B44: =COUNTIF(Routes!$X$2:$X$186,2) -> 66
A45: Stage 3 routes | B45: =COUNTIF(Routes!$X$2:$X$186,3) -> 75
A46: Stage 4 routes | B46: =COUNTIF(Routes!$X$2:$X$186,4) -> 16
A47: Stage 5 routes | B47: =COUNTIF(Routes!$X$2:$X$186,5) -> 3
A48: Quiet routes (4 or 5) | B48: =COUNTIF(Routes!$N$2:$N$186,">=4") -> 96
A49: Routes done so far | B49: =COUNTIF(Routes!$AE$2:$AE$186,"yes") -> 0
A50: Routes still to do | B50: =COUNTA(Routes!$C$2:$C$186)-COUNTIF(Routes!$AE$2:$AE$186,"yes") -> 185

Sheet Stations
A1: Station | B1: Train h from Bucuresti Nord | C1: Changes | D1: Line | E1: Note
A2: Bucuresti Nord | B2: 0 | C2: 0 | D2: - | E2: Start
A3: Comana | B3: 1 | C3: 0 | D3: M900 Giurgiu | E3: Regional trains
A4: Mogosoaia | B4: 0.4 | C4: 0 | D4: M300 north of Bucharest | E4: Halt, regional only - verify
A5: Buftea | B5: 0.6 | C5: 0 | D5: M300 | E5: Regional trains
A6: Campina | B6: 1.2 | C6: 0 | D6: M300 | E6: IR and regional
A7: Comarnic | B7: 1.5 | C7: 0 | D7: M300 | E7: Regional only
A8: Posada | B8: 1.6 | C8: 0 | D8: M300 | E8: Halt, regional only
A9: Sinaia | B9: 1.6 | C9: 0 | D9: M300 | E9: IR and regional
A10: Busteni | B10: 1.8 | C10: 0 | D10: M300 | E10: IR and regional
A11: Azuga | B11: 1.9 | C11: 0 | D11: M300 | E11: IR and regional
A12: Predeal | B12: 2 | C12: 0 | D12: M300 | E12: IR and regional
A13: Timisu de Jos | B13: 2.2 | C13: 0 | D13: M300 | E13: Regional only
... A31: Nehoiasu | B31: 4.5 | C31: 1 | D31: M502 Buzau - Nehoiasu | E31: VERIFY: service may be suspended
A33: Estimate: typical door-to-door rail times, one way. Verify on infofer.ro for your travel date.

Sheet Scale
A1: Difficulty from effort points (effort = km + ascent/100)
A2: Effort points from | B2: Difficulty | C2: Meaning
A3: 0 | B3: 1 | C3: Easy walk
A4: 6 | B4: 2 | C4: Easy hike
A5: 9 | B5: 3 | C5: Easy to moderate
A6: 12 | B6: 4 | C6: Moderate
A7: 16 | B7: 5 | C7: Moderate plus
A8: 21 | B8: 6 | C8: Hard
A9: 27 | B9: 7 | C9: Very hard
A10: 34 | B10: 8 | C10: Long hard mountain day
A11: 42 | B11: 9 | C11: Very demanding
A12: 52 | B12: 10 | C12: Extreme or technical
A14: Terrain and MET value used for the energy estimate
A15: Terrain | B15: MET | C15: Meaning
A16: FLAT | B16: 4 | C16: Flat path or park ground
A17: ROAD | B17: 4.5 | C17: Forest road or valley road
A18: FOREST | B18: 5.5 | C18: Forest trail, moderate gradient
A19: TRAIL | B19: 6.3 | C19: Marked mountain trail
A20: ROCKY | B20: 7 | C20: Rocky trail, hands occasionally needed
A21: SCREE | B21: 7.5 | C21: Loose stone, steep
A22: LADDERS | B22: 7 | C22: Fixed ladders on the route
A23: CHAINS | B23: 7.5 | C23: Fixed cables or chains
A24: EXPOSED | B24: 7.5 | C24: Exposed traverse, fall risk
A25: FERRATA | B25: 8 | C25: Via ferrata, harness needed
A26: CLIMB | B26: 8 | C26: Roped climbing
A28: Technical grade and its score on the 1 to 10 scale
A29: Technical | B29: Score | C29: Meaning
A30: NONE | B30: 0 | C30: Walking only
A31: STEEP | B31: 3 | C31: Steep ground, no equipment
A32: LADDERS | B32: 4 | C32: Fixed ladders, no equipment
A33: CHAINS | B33: 5 | C33: Cables or chains, head for heights
A34: SCRAMBLE | B34: 6 | C34: Hands on rock, no rope
A35: BEGINNER_CLIMB | B35: 6 | C35: Beginner sport climbing with instruction
A36: EXPOSED | B36: 8 | C36: Exposed alpine terrain, helmet
A37: FERRATA_D | B37: 8 | C37: Via ferrata grade D, full kit
A38: CLIMB | B38: 9 | C38: Roped multi-pitch climbing
A40: Hiking difficulty and technical score are separate. Overall = the higher of the two.

Sheet Stages
A1: Progression stages
A3: Stage | B3: Overall difficulty | C3: Target per outing | D3: Move up when you can | E3: Example routes
A4: 1 | B4: 1 to 3 | C4: 6 to 10 km, 100 to 400 m ascent, 2 to 4 h | D4: walk 4 h with no pain the next day | E4: Poiana Stanii, Urlatoarea, Clabucet, Comana
A5: 2 | B5: 4 to 5 | C5: 10 to 15 km, 300 to 700 m ascent, 4 to 6 h | D5: repeat a 5 h day twice in one month | E5: Cabana Susai, Cazacu, Sapte Scari, Curmatura
A6: 3 | B6: 6 to 7 | C6: 15 to 20 km, 600 to 1000 m ascent, 5 to 8 h | D6: finish a 7 h day and still descend safely | E6: Baiului ridge, Piatra Mare, Furnica, Diham
A7: 4 | B7: 8 | C7: 20 to 25 km or 1000 m plus, 7 to 9 h | D7: complete two long days back to back | E7: Azuga to Sinaia traverse, Omu via Valea Cerbului
A8: 5 | B8: 9 to 10 | C8: technical ground, rope or ferrata kit | D8: only after instruction on rock and on cables | E8: Brana Caprelor, Bucsoiu, Cheile Rasnoavei ferrata
A11: The trigger to move up is what you can do, not your body mass and not the calendar.
A12: Keep most outings one stage below your maximum. Hours on your feet build fitness faster than difficulty does.

Sheet Routes
A1: ID | B1: Massif | C1: Route | D1: Start station | E1: Finish station | F1: Train h one way | G1: Walk to start min | H1: Bus min | I1: Km | J1: Ascent m | K1: Terrain | L1: Technical | M1: Season | N1: Quiet 1-5 | O1: Confidence | P1: MET | Q1: Moving time now h | R1: Moving time fit h | S1: Day length h | T1: Effort points | U1: Hiking difficulty | V1: Technical score | W1: Overall difficulty | X1: Stage | Y1: Trip type | Z1: kcal 130 kg | AA1: kcal 120 kg | AB1: kcal 110 kg | AC1: kcal 100 kg | AD1: Notes | AE1: Done | AF1: Date done | AG1: My rating 1-5
A2: 1 | B2: Bucegi | C2: Poiana Stanii Regale loop | D2: Sinaia | E2: Sinaia | F2: =MAX(IFERROR(INDEX(Stations!$B$2:$B$31,MATCH(D2,Stations!$A$2:$A$31,0)),0),IFERROR(INDEX(Stations!$B$2:$B$31,MATCH(E2,Stations!$A$2:$A$31,0)),0)) -> 1.6 | G2: 0 | H2: 0 | I2: 5 | J2: 300 | K2: FOREST | L2: NONE | M2: ALL | N2: 2 | O2: H | P2: =INDEX(Scale!$B$16:$B$26,MATCH(K2,Scale!$A$16:$A$26,0)) -> 5.5 | Q2: =I2/3+J2/350 -> 2.5238095 | R2: =I2/4.2+J2/500 -> 1.7904762 | S2: =2*F2+2*G2/60+2*H2/60+Q2+1 -> 6.7238095 | T2: =I2+J2/100 -> 8 | U2: =INDEX(Scale!$B$3:$B$12,MATCH(T2,Scale!$A$3:$A$12,1)) -> 2 | V2: =INDEX(Scale!$B$30:$B$38,MATCH(L2,Scale!$A$30:$A$38,0)) -> 0 | W2: =MAX(U2,V2) -> 2 | X2: =IF(W2<=3,1,IF(W2<=5,2,IF(W2<=7,3,IF(W2<=8,4,5)))) -> 1 | Y2: =IF(S2<=13,"1 day",IF(S2<=15,"1 long day","2 days")) -> 1 day | Z2: =ROUND(P2*130*Q2,-1) -> 1800 | AA2: =ROUND(P2*120*Q2,-1) -> 1670 | AB2: =ROUND(P2*110*Q2,-1) -> 1530 | AC2: =ROUND(P2*100*Q2,-1) -> 1390 | AD2: Trail starts at the station. Best first hike.
A3: 2 | B3: Bucegi | C3: Poteca Regala - Stanca Franz Joseph | D3: Sinaia | E3: Sinaia | F3: =MAX(IFERROR(INDEX(Stations!$B$2:$B$31,MATCH(D3,Stations!$A$2:$A$31,0)),0),IFERROR(INDEX(Stations!$B$2:$B$31,MATCH(E3,Stations!$A$2:$A$31,0)),0)) -> 1.6 | G3: 10 | H3: 0 | I3: 6.5 | J3: 350 | K3: FOREST | L3: NONE | M3: ALL | N3: 3 | O3: H | P3: =INDEX(Scale!$B$16:$B$26,MATCH(K3,Scale!$A$16:$A$26,0)) -> 5.5 | Q3: =I3/3+J3/350 -> 3.1666667 | R3: =I3/4.2+J3/500 -> 2.247619 | S3: =2*F3+2*G3/60+2*H3/60+Q3+1 -> 7.7 | T3: =I3+J3/100 -> 10 | U3: =INDEX(Scale!$B$3:$B$12,MATCH(T3,Scale!$A$3:$A$12,1)) -> 3 | V3: =INDEX(Scale!$B$30:$B$38,MATCH(L3,Scale!$A$30:$A$38,0)) -> 0 | W3: =MAX(U3,V3) -> 3 | X3: =IF(W3<=3,1,IF(W3<=5,2,IF(W3<=7,3,IF(W3<=8,4,5)))) -> 1 | Y3: =IF(S3<=13,"1 day",IF(S3<=15,"1 long day","2 days")) -> 1 day | Z3: =ROUND(P3*130*Q3,-1) -> 2260 | AA3: =ROUND(P3*120*Q3,-1) -> 2090 | AB3: =ROUND(P3*110*Q3,-1) -> 1920 | AC3: =ROUND(P3*100*Q3,-1) -> 1740 | AD3: Old royal path above the park.
A4: 3 | B4: Bucegi | C4: Cumpatu - Sfanta Ana forest loop | D4: Sinaia | E4: Sinaia | F4: =MAX(IFERROR(INDEX(Stations!$B$2:$B$31,MATCH(D4,Stations!$A$2:$A$31,0)),0),IFERROR(INDEX(Stations!$B$2:$B$31,MATCH(E4,Stations!$A$2:$A$31,0)),0)) -> 1.6 | G4: 15 | H4: 0 | I4: 7 | J4: 300 | K4: FOREST | L4: NONE | M4: ALL | N4: 4 | O4: M | P4: =INDEX(Scale!$B$16:$B$26,MATCH(K4,Scale!$A$16:$A$26,0)) -> 5.5 | Q4: =I4/3+J4/350 -> 3.1904762 | R4: =I4/4.2+J4/500 -> 2.2666667 | S4: =2*F4+2*G4/60+2*H4/60+Q4+1 -> 7.8904762 | T4: =I4+J4/100 -> 10 | U4: =INDEX(Scale!$B$3:$B$12,MATCH(T4,Scale!$A$3:$A$12,1)) -> 3 | V4: =INDEX(Scale!$B$30:$B$38,MATCH(L4,Scale!$A$30:$A$38,0)) -> 0 | W4: =MAX(U4,V4) -> 3 | X4: =IF(W4<=3,1,IF(W4<=5,2,IF(W4<=7,3,IF(W4<=8,4,5)))) -> 1 | Y4: =IF(S4<=13,"1 day",IF(S4<=15,"1 long day","2 days")) -> 1 day | Z4: =ROUND(P4*130*Q4,-1) -> 2280 | AA4: =ROUND(P4*120*Q4,-1) -> 2110 | AB4: =ROUND(P4*110*Q4,-1) -> 1930 | AC4: =ROUND(P4*100*Q4,-1) -> 1750 | AD4: East bank of the Prahova, quiet.
A5: 4 | B5: Bucegi | C5: Valea Pelesului - Poiana Stanii | D5: Sinaia | E5: Sinaia | F5: =MAX(IFERROR(INDEX(Stations!$B$2:$B$31,MATCH(D5,Stations!$A$2:$A$31,0)),0),IFERROR(INDEX(Stations!$B$2:$B$31,MATCH(E5,Stations!$A$2:$A$31,0)),0)) -> 1.6 | G5: 10 | H5: 0 | I5: 8 | J5: 450 | K5: FOREST | L5: NONE | M5: ALL | N5: 3 | O5: M | P5: =INDEX(Scale!$B$16:$B$26,MATCH(K5,Scale!$A$16:$A$26,0)) -> 5.5 | Q5: =I5/3+J5/350 -> 3.952381 | R5: =I5/4.2+J5/500 -> 2.8047619 | S5: =2*F5+2*G5/60+2*H5/60+Q5+1 -> 8.4857143 | T5: =I5+J5/100 -> 12.5 | U5: =INDEX(Scale!$B$3:$B$12,MATCH(T5,Scale!$A$3:$A$12,1)) -> 4 | V5: =INDEX(Scale!$B$30:$B$38,MATCH(L5,Scale!$A$30:$A$38,0)) -> 0 | W5: =MAX(U5,V5) -> 4 | X5: =IF(W5<=3,1,IF(W5<=5,2,IF(W5<=7,3,IF(W5<=8,4,5)))) -> 2 | Y5: =IF(S5<=13,"1 day",IF(S5<=15,"1 long day","2 days")) -> 1 day | Z5: =ROUND(P5*130*Q5,-1) -> 2830 | AA5: =ROUND(P5*120*Q5,-1) -> 2610 | AB5: =ROUND(P5*110*Q5,-1) -> 2390 | AC5: =ROUND(P5*100*Q5,-1) -> 2170 | AD5: Combine with the castle grounds.
A6: 5 | B6: Bucegi | C6: Piscul Cainelui | D6: Sinaia | E6: Sinaia | F6: =MAX(IFERROR(INDEX(Stations!$B$2:$B$31,MATCH(D6,Stations!$A$2:$A$31,0)),0),IFERROR(INDEX(Stations!$B$2:$B$31,MATCH(E6,Stations!$A$2:$A$31,0)),0)) -> 1.6 | G6: 10 | H6: 0 | I6: 10 | J6: 650 | K6: TRAIL | L6: NONE | M6: APR-NOV | N6: 4 | O6: H | P6: =INDEX(Scale!$B$16:$B$26,MATCH(K6,Scale!$A$16:$A$26,0)) -> 6.3 | Q6: =I6/3+J6/350 -> 5.1904762 | R6: =I6/4.2+J6/500 -> 3.6809524 | S6: =2*F6+2*G6/60+2*H6/60+Q6+1 -> 9.7238095 | T6: =I6+J6/100 -> 16.5 | U6: =INDEX(Scale!$B$3:$B$12,MATCH(T6,Scale!$A$3:$A$12,1)) -> 5 | V6: =INDEX(Scale!$B$30:$B$38,MATCH(L6,Scale!$A$30:$A$38,0)) -> 0 | W6: =MAX(U6,V6) -> 5 | X6: =IF(W6<=3,1,IF(W6<=5,2,IF(W6<=7,3,IF(W6<=8,4,5)))) -> 2 | Y6: =IF(S6<=13,"1 day",IF(S6<=15,"1 long day","2 days")) -> 1 day | Z6: =ROUND(P6*130*Q6,-1) -> 4250 | AA6: =ROUND(P6*120*Q6,-1) -> 3920 | AB6: =ROUND(P6*110*Q6,-1) -> 3600 | AC6: =ROUND(P6*100*Q6,-1) -> 3270 | AD6: Steady forest climb, few people.
A7: 6 | B7: Bucegi | C7: Cascada Vanturis via Izvorul Dorului | D7: Sinaia | E7: Sinaia | F7: =MAX(IFERROR(INDEX(Stations!$B$2:$B$31,MATCH(D7,Stations!$A$2:$A$31,0)),0),IFERROR(INDEX(Stations!$B$2:$B$31,MATCH(E7,Stations!$A$2:$A$31,0)),0)) -> 1.6 | G7: 20 | H7: 0 | I7: 12 | J7: 700 | K7: TRAIL | L7: NONE | M7: MAY-OCT | N7: 3 | O7: H | P7: =INDEX(Scale!$B$16:$B$26,MATCH(K7,Scale!$A$16:$A$26,0)) -> 6.3 | Q7: =I7/3+J7/350 -> 6 | R7: =I7/4.2+J7/500 -> 4.2571429 | S7: =2*F7+2*G7/60+2*H7/60+Q7+1 -> 10.866667 | T7: =I7+J7/100 -> 19 | U7: =INDEX(Scale!$B$3:$B$12,MATCH(T7,Scale!$A$3:$A$12,1)) -> 5 | V7: =INDEX(Scale!$B$30:$B$38,MATCH(L7,Scale!$A$30:$A$38,0)) -> 0 | W7: =MAX(U7,V7) -> 5 | X7: =IF(W7<=3,1,IF(W7<=5,2,IF(W7<=7,3,IF(W7<=8,4,5)))) -> 2 | Y7: =IF(S7<=13,"1 day",IF(S7<=15,"1 long day","2 days")) -> 1 day | Z7: =ROUND(P7*130*Q7,-1) -> 4910 | AA7: =ROUND(P7*120*Q7,-1) -> 4540 | AB7: =ROUND(P7*110*Q7,-1) -> 4160 | AC7: =ROUND(P7*100*Q7,-1) -> 3780 | AD7: Waterfall turnaround point.
A8: 7 | B8: Bucegi | C8: Cota 1400 on foot (old road) | D8: Sinaia | E8: Sinaia | F8: =MAX(IFERROR(INDEX(Stations!$B$2:$B$31,MATCH(D8,Stations!$A$2:$A$31,0)),0),IFERROR(INDEX(Stations!$B$2:$B$31,MATCH(E8,Stations!$A$2:$A$31,0)),0)) -> 1.6 | G8: 5 | H8: 0 | I8: 7 | J8: 600 | K8: FOREST | L8: NONE | M8: ALL | N8: 2 | O8: H | P8: =INDEX(Scale!$B$16:$B$26,MATCH(K8,Scale!$A$16:$A$26,0)) -> 5.5 | Q8: =I8/3+J8/350 -> 4.047619 | R8: =I8/4.2+J8/500 -> 2.8666667 | S8: =2*F8+2*G8/60+2*H8/60+Q8+1 -> 8.4142857 | T8: =I8+J8/100 -> 13 | U8: =INDEX(Scale!$B$3:$B$12,MATCH(T8,Scale!$A$3:$A$12,1)) -> 4 | V8: =INDEX(Scale!$B$30:$B$38,MATCH(L8,Scale!$A$30:$A$38,0)) -> 0 | W8: =MAX(U8,V8) -> 4 | X8: =IF(W8<=3,1,IF(W8<=5,2,IF(W8<=7,3,IF(W8<=8,4,5)))) -> 2 | Y8: =IF(S8<=13,"1 day",IF(S8<=15,"1 long day","2 days")) -> 1 day | Z8: =ROUND(P8*130*Q8,-1) -> 2890 | AA8: =ROUND(P8*120*Q8,-1) -> 2670 | AB8: =ROUND(P8*110*Q8,-1) -> 2450 | AC8: =ROUND(P8*100*Q8,-1) -> 2230 | AD8: Return by cable car if tired.
A9: 8 | B9: Bucegi | C9: Cota 1400 - Cota 2000 on foot | D9: Sinaia | E9: Sinaia | F9: =MAX(IFERROR(INDEX(Stations!$B$2:$B$31,MATCH(D9,Stations!$A$2:$A$31,0)),0),IFERROR(INDEX(Stations!$B$2:$B$31,MATCH(E9,Stations!$A$2:$A$31,0)),0)) -> 1.6 | G9: 5 | H9: 0 | I9: 12 | J9: 1150 | K9: TRAIL | L9: NONE | M9: JUN-OCT | N9: 2 | O9: H | P9: =INDEX(Scale!$B$16:$B$26,MATCH(K9,Scale!$A$16:$A$26,0)) -> 6.3 | Q9: =I9/3+J9/350 -> 7.2857143 | R9: =I9/4.2+J9/500 -> 5.1571429 | S9: =2*F9+2*G9/60+2*H9/60+Q9+1 -> 11.652381 | T9: =I9+J9/100 -> 23.5 | U9: =INDEX(Scale!$B$3:$B$12,MATCH(T9,Scale!$A$3:$A$12,1)) -> 6 | V9: =INDEX(Scale!$B$30:$B$38,MATCH(L9,Scale!$A$30:$A$38,0)) -> 0 | W9: =MAX(U9,V9) -> 6 | X9: =IF(W9<=3,1,IF(W9<=5,2,IF(W9<=7,3,IF(W9<=8,4,5)))) -> 3 | Y9: =IF(S9<=13,"1 day",IF(S9<=15,"1 long day","2 days")) -> 1 day | Z9: =ROUND(P9*130*Q9,-1) -> 5970 | AA9: =ROUND(P9*120*Q9,-1) -> 5510 | AB9: =ROUND(P9*110*Q9,-1) -> 5050 | AC9: =ROUND(P9*100*Q9,-1) -> 4590 | AD9: Above tree line at the top.
A10: 9 | B10: Bucegi | C10: Varful cu Dor via Valea Dorului | D10: Sinaia | E10: Sinaia | F10: =MAX(IFERROR(INDEX(Stations!$B$2:$B$31,MATCH(D10,Stations!$A$2:$A$31,0)),0),IFERROR(INDEX(Stations!$B$2:$B$31,MATCH(E10,Stations!$A$2:$A$31,0)),0)) -> 1.6 | G10: 5 | H10: 0 | I10: 13 | J10: 1050 | K10: TRAIL | L10: NONE | M10: JUN-OCT | N10: 2 | O10: H | P10: =INDEX(Scale!$B$16:$B$26,MATCH(K10,Scale!$A$16:$A$26,0)) -> 6.3 | Q10: =I10/3+J10/350 -> 7.3333333 | R10: =I10/4.2+J10/500 -> 5.1952381 | S10: =2*F10+2*G10/60+2*H10/60+Q10+1 -> 11.7 | T10: =I10+J10/100 -> 23.5 | U10: =INDEX(Scale!$B$3:$B$12,MATCH(T10,Scale!$A$3:$A$12,1)) -> 6 | V10: =INDEX(Scale!$B$30:$B$38,MATCH(L10,Scale!$A$30:$A$38,0)) -> 0 | W10: =MAX(U10,V10) -> 6 | X10: =IF(W10<=3,1,IF(W10<=5,2,IF(W10<=7,3,IF(W10<=8,4,5)))) -> 3 | Y10: =IF(S10<=13,"1 day",IF(S10<=15,"1 long day","2 days")) -> 1 day | Z10: =ROUND(P10*130*Q10,-1) -> 6010 | AA10: =ROUND(P10*120*Q10,-1) -> 5540 | AB10: =ROUND(P10*110*Q10,-1) -> 5080 | AC10: =ROUND(P10*100*Q10,-1) -> 4620 | AD10: Open ridge, wind exposed.
A11: 10 | B11: Bucegi | C11: Varful Furnica via Drumul de Vara | D11: Sinaia | E11: Sinaia | F11: =MAX(IFERROR(INDEX(Stations!$B$2:$B$31,MATCH(D11,Stations!$A$2:$A$31,0)),0),IFERROR(INDEX(Stations!$B$2:$B$31,MATCH(E11,Stations!$A$2:$A$31,0)),0)) -> 1.6 | G11: 5 | H11: 0 | I11: 14 | J11: 1150 | K11: TRAIL | L11: NONE | M11: JUN-OCT | N11: 2 | O11: H | P11: =INDEX(Scale!$B$16:$B$26,MATCH(K11,Scale!$A$16:$A$26,0)) -> 6.3 | Q11: =I11/3+J11/350 -> 7.952381 | R11: =I11/4.2+J11/500 -> 5.6333333 | S11: =2*F11+2*G11/60+2*H11/60+Q11+1 -> 12.319048 | T11: =I11+J11/100 -> 25.5 | U11: =INDEX(Scale!$B$3:$B$12,MATCH(T11,Scale!$A$3:$A$12,1)) -> 6 | V11: =INDEX(Scale!$B$30:$B$38,MATCH(L11,Scale!$A$30:$A$38,0)) -> 0 | W11: =MAX(U11,V11) -> 6 | X11: =IF(W11<=3,1,IF(W11<=5,2,IF(W11<=7,3,IF(W11<=8,4,5)))) -> 3 | Y11: =IF(S11<=13,"1 day",IF(S11<=15,"1 long day","2 days")) -> 1 day | Z11: =ROUND(P11*130*Q11,-1) -> 6510 | AA11: =ROUND(P11*120*Q11,-1) -> 6010 | AB11: =ROUND(P11*110*Q11,-1) -> 5510 | AC11: =ROUND(P11*100*Q11,-1) -> 5010 | AD11: Long steady gradient, no scrambling.
A12: 11 | B12: Bucegi | C12: Piatra Arsa via Drumul de Vara | D12: Sinaia | E12: Sinaia | F12: =MAX(IFERROR(INDEX(Stations!$B$2:$B$31,MATCH(D12,Stations!$A$2:$A$31,0)),0),IFERROR(INDEX(Stations!$B$2:$B$31,MATCH(E12,Stations!$A$2:$A$31,0)),0)) -> 1.6 | G12: 5 | H12: 0 | I12: 17 | J12: 1250 | K12: TRAIL | L12: NONE | M12: JUN-OCT | N12: 2 | O12: H | P12: =INDEX(Scale!$B$16:$B$26,MATCH(K12,Scale!$A$16:$A$26,0)) -> 6.3 | Q12: =I12/3+J12/350 -> 9.2380952 | R12: =I12/4.2+J12/500 -> 6.547619 | S12: =2*F12+2*G12/60+2*H12/60+Q12+1 -> 13.604762 | T12: =I12+J12/100 -> 29.5 | U12: =INDEX(Scale!$B$3:$B$12,MATCH(T12,Scale!$A$3:$A$12,1)) -> 7 | V12: =INDEX(Scale!$B$30:$B$38,MATCH(L12,Scale!$A$30:$A$38,0)) -> 0 | W12: =MAX(U12,V12) -> 7 | X12: =IF(W12<=3,1,IF(W12<=5,2,IF(W12<=7,3,IF(W12<=8,4,5)))) -> 3 | Y12: =IF(S12<=13,"1 day",IF(S12<=15,"1 long day","2 days")) -> 1 long day | Z12: =ROUND(P12*130*Q12,-1) -> 7570 | AA12: =ROUND(P12*120*Q12,-1) -> 6980 | AB12: =ROUND(P12*110*Q12,-1) -> 6400 | AC12: =ROUND(P12*100*Q12,-1) -> 5820 | AD12: Cabana at the top, water available.
A13: 12 | B13: Bucegi | C13: Saua Varfului cu Dor - Izvorul Dorului loop | D13: Sinaia | E13: Sinaia | F13: =MAX(IFERROR(INDEX(Stations!$B$2:$B$31,MATCH(D13,Stations!$A$2:$A$31,0)),0),IFERROR(INDEX(Stations!$B$2:$B$31,MATCH(E13,Stations!$A$2:$A$31,0)),0)) -> 1.6 | G13: 5 | H13: 0 | I13: 16 | J13: 1100 | K13: TRAIL | L13: NONE | M13: JUN-OCT | N13: 3 | O13: M | P13: =INDEX(Scale!$B$16:$B$26,MATCH(K13,Scale!$A$16:$A$26,0)) -> 6.3 | Q13: =I13/3+J13/350 -> 8.4761905 | R13: =I13/4.2+J13/500 -> 6.0095238 | S13: =2*F13+2*G13/60+2*H13/60+Q13+1 -> 12.842857 | T13: =I13+J13/100 -> 27 | U13: =INDEX(Scale!$B$3:$B$12,MATCH(T13,Scale!$A$3:$A$12,1)) -> 7 | V13: =INDEX(Scale!$B$30:$B$38,MATCH(L13,Scale!$A$30:$A$38,0)) -> 0 | W13: =MAX(U13,V13) -> 7 | X13: =IF(W13<=3,1,IF(W13<=5,2,IF(W13<=7,3,IF(W13<=8,4,5)))) -> 3 | Y13: =IF(S13<=13,"1 day",IF(S13<=15,"1 long day","2 days")) -> 1 day | Z13: =ROUND(P13*130*Q13,-1) -> 6940 | AA13: =ROUND(P13*120*Q13,-1) -> 6410 | AB13: =ROUND(P13*110*Q13,-1) -> 5870 | AC13: =ROUND(P13*100*Q13,-1) -> 5340 | AD13: Loop back down the valley.
... A186: 185 | B186: Piatra Craiului | C186: Plaiul Foii - Curmatura Foii - Zarnesti | D186: Zarnesti | E186: Zarnesti | F186: =MAX(IFERROR(INDEX(Stations!$B$2:$B$31,MATCH(D186,Stations!$A$2:$A$31,0)),0),IFERROR(INDEX(Stations!$B$2:$B$31,MATCH(E186,Stations!$A$2:$A$31,0)),0)) -> 3.4 | G186: 10 | H186: 0 | I186: 22 | J186: 900 | K186: TRAIL | L186: STEEP | M186: JUN-OCT | N186: 4 | O186: V | P186: =INDEX(Scale!$B$16:$B$26,MATCH(K186,Scale!$A$16:$A$26,0)) -> 6.3 | Q186: =I186/3+J186/350 -> 9.9047619 | R186: =I186/4.2+J186/500 -> 7.0380952 | S186: =2*F186+2*G186/60+2*H186/60+Q186+1 -> 18.038095 | T186: =I186+J186/100 -> 31 | U186: =INDEX(Scale!$B$3:$B$12,MATCH(T186,Scale!$A$3:$A$12,1)) -> 7 | V186: =INDEX(Scale!$B$30:$B$38,MATCH(L186,Scale!$A$30:$A$38,0)) -> 3 | W186: =MAX(U186,V186) -> 7 | X186: =IF(W186<=3,1,IF(W186<=5,2,IF(W186<=7,3,IF(W186<=8,4,5)))) -> 3 | Y186: =IF(S186<=13,"1 day",IF(S186<=15,"1 long day","2 days")) -> 2 days | Z186: =ROUND(P186*130*Q186,-1) -> 8110 | AA186: =ROUND(P186*120*Q186,-1) -> 7490 | AB186: =ROUND(P186*110*Q186,-1) -> 6860 | AC186: =ROUND(P186*100*Q186,-1) -> 6240 | AD186: Round the north end of the ridge.
